program_name,kernel_mangled_name,gpu,model_name,evidence,precision,hard_easy,bound_class,proximity_band,n_trials,n_valid,n_invalid,invalid_rate,pred_rai_cv,pred_rai_logstd,bbcb_consistent,nz_consistent,mean_ape,std_ape
accuracy-cuda,_Z15accuracy_kerneliiiPKfPKiPi,A100,GPT 5.4,source+SASS,fp16,easy,BB,far,4,4,0,0.0,1.969115021530468,0.012587668162281612,1.0,1.0,74.89154202710743,49.42991123862749
accuracy-cuda,_Z15accuracy_kerneliiiPKfPKiPi,A100,GPT 5.4,source-only,fp16,easy,BB,far,4,4,0,0.0,0.0,0.0,1.0,1.0,100.0,0.0
accuracy-cuda,_Z15accuracy_kerneliiiPKfPKiPi,A100,GPT OSS,source-only,fp16,easy,BB,far,4,4,0,0.0,0.0,0.0,1.0,1.0,100.0,0.0
adam-cuda,_Z4adamIffEvPT_S1_S1_PKT0_fffffim10adamMode_tf,3080,GPT 5.4,source+SASS,fp32,hard,CB,far,4,4,0,0.0,0.5302906894645059,0.875463492670019,1.0,1.0,39.36935954722493,27.675434501757273
adam-cuda,_Z4adamIffEvPT_S1_S1_PKT0_fffffim10adamMode_tf,3080,GPT 5.4,source-only,fp32,hard,CB,far,4,4,0,0.0,0.08298826628866153,0.08289997350763499,1.0,1.0,74.54853190888093,2.1121732113831606
adam-cuda,_Z4adamIffEvPT_S1_S1_PKT0_fffffim10adamMode_tf,A10,GPT 5.4,source+SASS,fp32,hard,CB,far,4,4,0,0.0,0.5611378600124154,0.47510620955330296,1.0,1.0,70.42352561376568,95.63109245867955
adam-cuda,_Z4adamIffEvPT_S1_S1_PKT0_fffffim10adamMode_tf,A10,GPT 5.4,source-only,fp32,hard,CB,far,4,4,0,0.0,0.6669123797382883,2.4910480474579626,0.0,1.0,80.40289929571274,13.069549066667097
adam-cuda,_Z4adamIffEvPT_S1_S1_PKT0_fffffim10adamMode_tf,A100,GPT 5.4,source+SASS,fp16,hard,BB,near,4,4,0,0.0,1.148606463525272,2.6356198006859395,0.0,1.0,287.74019300963954,225.4733612679006
adam-cuda,_Z4adamIffEvPT_S1_S1_PKT0_fffffim10adamMode_tf,A100,GPT 5.4,source+SASS,fp32,hard,CB,far,4,4,0,0.0,1.148541034521263,3.193922106986828,0.0,1.0,53.99628594559778,52.56342708441752
adam-cuda,_Z4adamIffEvPT_S1_S1_PKT0_fffffim10adamMode_tf,A100,GPT 5.4,source-only,fp16,hard,BB,near,4,4,0,0.0,0.0,0.0,1.0,1.0,100.0,0.0
adam-cuda,_Z4adamIffEvPT_S1_S1_PKT0_fffffim10adamMode_tf,A100,GPT 5.4,source-only,fp32,hard,CB,far,4,4,0,0.0,0.09819765207757314,0.09614372319219726,1.0,1.0,77.55885438665504,2.2036678091614093
adam-cuda,_Z4adamIffEvPT_S1_S1_PKT0_fffffim10adamMode_tf,H100,GPT 5.4,source+SASS,fp16,hard,CB,near,4,4,0,0.0,0.761083256080041,2.214523209944338,0.0,1.0,213.77289903847586,126.16899965813876
adam-cuda,_Z4adamIffEvPT_S1_S1_PKT0_fffffim10adamMode_tf,H100,GPT 5.4,source+SASS,fp32,hard,CB,far,4,4,0,0.0,0.4495416304172978,0.40176459651893803,1.0,1.0,40.32329680877006,54.274317545406724
adam-cuda,_Z4adamIffEvPT_S1_S1_PKT0_fffffim10adamMode_tf,H100,GPT 5.4,source-only,fp16,hard,CB,near,4,4,0,0.0,0.0,0.0,1.0,1.0,100.0,0.0
adam-cuda,_Z4adamIffEvPT_S1_S1_PKT0_fffffim10adamMode_tf,H100,GPT 5.4,source-only,fp32,hard,CB,far,4,4,0,0.0,0.0805605026776222,0.0780660312779417,1.0,1.0,75.18273634008234,1.9992912355260586
adjacent-omp,_Z18BlockAdjDiffKernelILi128EEvPKiPibi_l42,H100,GPT 5.4,source+SASS,fp16,easy,BB,far,4,4,0,0.0,0.13334242950213493,0.0003249139837142316,1.0,1.0,99.52126025130795,0.06383632118985069
adjacent-omp,_Z18BlockAdjDiffKernelILi128EEvPKiPibi_l42,H100,GPT 5.4,source-only,fp16,easy,BB,far,4,4,0,0.0,0.0,0.0,1.0,1.0,100.0,0.0
adv-omp,main_l72,A10,GPT 5.4,source+SASS,fp64,easy,CB,far,4,4,0,0.0,0.9905705921279637,1.1652721561762303,1.0,1.0,1100.2728647760691,1184.628051529312
adv-omp,main_l72,A10,GPT 5.4,source-only,fp64,easy,CB,far,4,4,0,0.0,1.118457784705503,1.1165693346070098,1.0,1.0,390.0997263117353,441.0603390338825
adv-omp,main_l72,H100,GPT 5.4,source+SASS,fp64,easy,BB,near,4,4,0,0.0,0.7311770735881783,0.6079531900886033,1.0,1.0,42.0408079632014,39.54896799166307
adv-omp,main_l72,H100,GPT 5.4,source-only,fp64,easy,BB,near,4,4,0,0.0,0.8316728460177074,0.6915193302758322,0.0,1.0,96.4052635017633,128.18074012790711
affine-omp,main_l80,A10,GPT 5.4,source+SASS,fp32,hard,CB,near,4,4,0,0.0,1.0504213965434057,0.8378484122724529,0.0,1.0,111.57035256160549,207.41162439605833
affine-omp,main_l80,A10,GPT 5.4,source-only,fp32,hard,CB,near,4,4,0,0.0,0.5450301486537881,0.48482067656615624,0.0,1.0,40.69472469118235,35.495198520319775
affine-omp,main_l80,A100,GPT 5.4,source+SASS,fp16,hard,BB,far,4,4,0,0.0,0.4604294939180057,0.4566826637725249,1.0,1.0,64.86468367898598,4.600527365159376
affine-omp,main_l80,A100,GPT 5.4,source+SASS,fp32,hard,CB,far,4,4,0,0.0,0.47659989773762534,0.4203909112822828,1.0,1.0,37.33417068488486,9.78006055629796
affine-omp,main_l80,A100,GPT 5.4,source-only,fp16,hard,BB,far,4,4,0,0.0,0.0,0.0,1.0,1.0,100.0,0.0
affine-omp,main_l80,A100,GPT 5.4,source-only,fp32,hard,CB,far,4,4,0,0.0,0.2853672794787613,0.26439631165980404,1.0,1.0,54.222979186297955,13.063263892248782
affine-omp,main_l80,H100,GPT 5.4,source+SASS,fp16,hard,BB,far,4,4,0,0.0,0.11764705882352941,0.10033534773107555,1.0,1.0,14.424809666696422,8.520939142933656
affine-omp,main_l80,H100,GPT 5.4,source+SASS,fp32,hard,CB,far,4,4,0,0.0,0.18661449061391577,0.19713548795029598,1.0,1.0,42.82411114144685,10.669849374736758
affine-omp,main_l80,H100,GPT 5.4,source-only,fp16,hard,BB,far,4,4,0,0.0,0.0,0.0,1.0,1.0,100.0,0.0
affine-omp,main_l80,H100,GPT 5.4,source-only,fp32,hard,CB,far,4,4,0,0.0,0.37668557245348044,0.32212869018380347,0.0,1.0,54.23896695129016,17.237520930015897
aidw-omp,_Z11AIDW_KernelPKfS0_S0_iS0_S0_PfifS0__l47,A10,GPT 5.4,source+SASS,fp32,hard,CB,far,4,4,0,0.0,1.026938995729235,4.045118832692976,0.0,1.0,68.20843792191863,28.61809697842885
aidw-omp,_Z11AIDW_KernelPKfS0_S0_iS0_S0_PfifS0__l47,A10,GPT 5.4,source-only,fp32,hard,CB,far,4,4,0,0.0,1.1656074715462392,4.474948239765091,0.0,1.0,88.22898720283332,13.720380464043874
aidw-omp,_Z11AIDW_KernelPKfS0_S0_iS0_S0_PfifS0__l47,H100,GPT 5.4,source+SASS,fp16,hard,CB,far,4,4,0,0.0,0.7409500511831185,0.45144981283483454,1.0,1.0,99.91224954029265,0.0650187076115098
aidw-omp,_Z11AIDW_KernelPKfS0_S0_iS0_S0_PfifS0__l47,H100,GPT 5.4,source+SASS,fp32,hard,CB,far,4,4,0,0.0,0.7007919135884959,1.0177452535474518,1.0,1.0,55.707723572098764,52.77093529302017
aidw-omp,_Z11AIDW_KernelPKfS0_S0_iS0_S0_PfifS0__l47,H100,GPT 5.4,source-only,fp16,hard,CB,far,4,4,0,0.0,0.0,0.0,1.0,1.0,100.0,0.0
aidw-omp,_Z11AIDW_KernelPKfS0_S0_iS0_S0_PfifS0__l47,H100,GPT 5.4,source-only,fp32,hard,CB,far,4,4,0,0.0,0.1053412618845487,0.11163051507643434,1.0,1.0,80.77242966127935,2.0254565224547503
aligned-types-omp,_Z7runTestI14uchar4_alignedEiPhS1_ii_l196,A100,GPT 5.4,source+SASS,fp16,easy,BB,far,4,4,0,0.0,0.9829212844612942,0.1669969463217394,1.0,1.0,62.780578663256236,36.583761427218285
aligned-types-omp,_Z7runTestI14uchar4_alignedEiPhS1_ii_l196,A100,GPT 5.4,source-only,fp16,easy,BB,far,4,4,0,0.0,0.0,0.0,1.0,1.0,100.0,0.0
aligned-types-omp,_Z7runTestI17uchar4_misalignedEiPhS1_ii_l196,A100,GPT 5.4,source+SASS,fp16,easy,BB,far,4,4,0,0.0,1.123081681603316,0.1694654028232936,1.0,1.0,67.1999731638843,36.83710929573873
aligned-types-omp,_Z7runTestI17uchar4_misalignedEiPhS1_ii_l196,A100,GPT 5.4,source-only,fp16,easy,BB,far,4,4,0,0.0,0.0,0.0,1.0,1.0,100.0,0.0
all-pairs-distance-cuda,_Z2k3PKcPi,H100,GPT 5.4,source+SASS,fp16,easy,BB,near,4,4,0,0.0,1.988152563885365,1.6636851879203411,1.0,0.0,75.048316649865,49.603948304921445
all-pairs-distance-cuda,_Z2k3PKcPi,H100,GPT 5.4,source-only,fp16,easy,BB,near,4,4,0,0.0,0.0,0.0,1.0,1.0,100.0,0.0
aobench-cuda,_Z13render_kernelPhPK7_Sphere6_Planeiii,3080,GPT 5.4,source+SASS,fp32,hard,CB,far,4,4,0,0.0,0.727756550385743,1.0259394098805348,1.0,1.0,416150.13288771006,302928.76080796705
aobench-cuda,_Z13render_kernelPhPK7_Sphere6_Planeiii,3080,GPT 5.4,source-only,fp32,hard,CB,far,4,4,0,0.0,0.40223452081239786,0.45496105789021024,1.0,1.0,239391.0707904895,96331.5760982606
aobench-cuda,_Z13render_kernelPhPK7_Sphere6_Planeiii,A10,GPT 5.4,source+SASS,fp32,hard,CB,far,4,4,0,0.0,1.684258508877933,1.9095770817059614,1.0,1.0,277692.3333729461,467874.1011844397
aobench-cuda,_Z13render_kernelPhPK7_Sphere6_Planeiii,A10,GPT 5.4,source-only,fp32,hard,CB,far,4,4,0,0.0,0.935014989282845,1.38211102923257,1.0,1.0,51334.31406390239,48091.85461323017
aobench-cuda,_Z13render_kernelPhPK7_Sphere6_Planeiii,H100,GPT 5.4,source+SASS,fp16,hard,CB,far,4,4,0,0.0,0.5232032854209445,0.8842405613548836,1.0,1.0,791.0933628959925,466.2229750839812
aobench-cuda,_Z13render_kernelPhPK7_Sphere6_Planeiii,H100,GPT 5.4,source+SASS,fp32,hard,CB,far,4,4,0,0.0,0.8481434993739346,3.272993749779139,1.0,1.0,29310.794881659902,24889.679423368518
aobench-cuda,_Z13render_kernelPhPK7_Sphere6_Planeiii,H100,GPT 5.4,source-only,fp16,hard,CB,far,4,4,0,0.0,0.0,0.0,1.0,1.0,100.0,0.0
aobench-cuda,_Z13render_kernelPhPK7_Sphere6_Planeiii,H100,GPT 5.4,source-only,fp32,hard,CB,far,4,4,0,0.0,0.9254534810792452,1.2513797169126077,1.0,1.0,23863.578686292254,22177.177314345572
aop-cuda,_Z24compute_final_sum_kernelILi128EEviidPd,3080,GPT 5.4,source+SASS,fp64,hard,BB,near,4,2,0,0.0,0.0012160047827800074,0.00014585034556571045,1.0,1.0,75.297607421875,0.03003822752110822
aop-cuda,_Z24compute_final_sum_kernelILi128EEviidPd,3080,GPT 5.4,source-only,fp64,hard,BB,near,4,2,0,0.0,0.054327531807850035,0.0062567578129208426,1.0,1.0,76.4091796875,1.2816310409006073
aop-cuda,_Z24compute_final_sum_kernelILi128EEviidPd,3080,GPT OSS,source-only,fp64,hard,BB,near,3,3,0,0.0,0.20169130206175495,0.02654445921512936,1.0,1.0,72.29169487779448,5.588524138022028
aop-cuda,_Z24compute_final_sum_kernelILi128EEviidPd,A10,GPT 5.4,source+SASS,fp64,hard,CB,near,4,4,0,0.0,0.0034780589937937804,0.0004163474874189893,1.0,1.0,70.88272486232918,0.10127160066733873
aop-cuda,_Z24compute_final_sum_kernelILi128EEviidPd,A10,GPT 5.4,source-only,fp64,hard,CB,near,4,3,0,0.0,0.043797412755593935,0.005108621361942705,1.0,1.0,71.78027058263648,1.2359511371434504
aop-cuda,_Z24compute_final_sum_kernelILi128EEviidPd,A10,GPT OSS,source-only,fp64,hard,CB,near,4,4,0,0.0,0.00031245117950317203,3.718564429495974e-05,1.0,1.0,71.08024787689419,0.009036010661802152
aop-cuda,_Z24compute_final_sum_kernelILi128EEviidPd,A100,GPT 5.4,source+SASS,fp16,hard,BB,far,4,2,0,0.0,0.0,0.0,1.0,1.0,100.0,0.0
aop-cuda,_Z24compute_final_sum_kernelILi128EEviidPd,A100,GPT 5.4,source+SASS,fp64,hard,BB,far,4,2,0,0.0,0.0016283403136132008,0.00019456745838838387,1.0,1.0,75.58962693357597,0.03974839453440022
aop-cuda,_Z24compute_final_sum_kernelILi128EEviidPd,A100,GPT 5.4,source-only,fp16,hard,BB,far,4,4,0,0.0,0.0,0.0,1.0,1.0,100.0,0.0
aop-cuda,_Z24compute_final_sum_kernelILi128EEviidPd,A100,GPT 5.4,source-only,fp64,hard,BB,far,4,4,0,0.0,0.044358243971351845,0.005108621361942705,1.0,1.0,76.58740268931352,1.038541703510449
aop-cuda,_Z24compute_final_sum_kernelILi128EEviidPd,A100,GPT OSS,source-only,fp16,hard,BB,far,1,1,0,0.0,,,,,100.0,
aop-cuda,_Z24compute_final_sum_kernelILi128EEviidPd,A100,GPT OSS,source-only,fp64,hard,BB,far,1,1,0,0.0,,,,,66.22862351381026,
aop-omp,_Z19compute_beta_kernelILi128E9PayoffPutEviT0_PKdS3_S3_PKiPd_l648,A100,GPT 5.4,source+SASS,fp16,hard,BB,far,4,4,0,0.0,0.6883525267636695,2.310677662246285e-06,1.0,0.0,99.99863056399656,0.00094265473320461
aop-omp,_Z19compute_beta_kernelILi128E9PayoffPutEviT0_PKdS3_S3_PKiPd_l648,A100,GPT 5.4,source+SASS,fp64,hard,BB,near,4,4,0,0.0,0.08908491934454633,0.06005396563016034,1.0,1.0,51.83970982268198,4.290355566056319
aop-omp,_Z19compute_beta_kernelILi128E9PayoffPutEviT0_PKdS3_S3_PKiPd_l648,A100,GPT 5.4,source-only,fp16,hard,BB,far,4,4,0,0.0,0.0,0.0,1.0,1.0,100.0,0.0
aop-omp,_Z19compute_beta_kernelILi128E9PayoffPutEviT0_PKdS3_S3_PKiPd_l648,A100,GPT 5.4,source-only,fp64,hard,BB,near,4,4,0,0.0,0.15558619350267897,0.09776465483322813,1.0,1.0,63.27383149551102,5.71408475955142
atan2-omp,_Z9compute_fiPKfS0_Pf_l269,3080,GPT 5.4,source+SASS,fp32,hard,BB,far,4,4,0,0.0,0.29172492030464714,0.24354645666040795,1.0,1.0,20.20289916469711,24.87133209101746
atan2-omp,_Z9compute_fiPKfS0_Pf_l269,3080,GPT 5.4,source-only,fp32,hard,BB,far,4,4,0,0.0,0.09681964400343844,0.08901417164655803,1.0,1.0,48.15459387444545,14.344275036397814
atan2-omp,_Z9compute_fiPKfS0_Pf_l269,A100,GPT 5.4,source+SASS,fp16,hard,BB,far,4,4,0,0.0,0.38490017945975047,0.30855225648230405,1.0,1.0,46.93747293869374,13.14832021179005
atan2-omp,_Z9compute_fiPKfS0_Pf_l269,A100,GPT 5.4,source+SASS,fp32,hard,BB,near,4,4,0,0.0,0.9935408394497679,0.924698951211698,0.0,1.0,214.50130117158952,312.1193314474392
atan2-omp,_Z9compute_fiPKfS0_Pf_l269,A100,GPT 5.4,source-only,fp16,hard,BB,far,4,4,0,0.0,0.0,0.0,1.0,1.0,100.0,0.0
atan2-omp,_Z9compute_fiPKfS0_Pf_l269,A100,GPT 5.4,source-only,fp32,hard,BB,near,4,4,0,0.0,0.10211434155840574,0.0897621708738954,1.0,1.0,27.572127321424354,13.026943782632353
atomicAggregate-cuda,_Z1kPii,A100,GPT 5.4,source+SASS,fp16,easy,CB,far,4,4,0,0.0,0.0,0.0,1.0,1.0,2699.785225177717,0.0
atomicAggregate-cuda,_Z1kPii,A100,GPT 5.4,source-only,fp16,easy,CB,far,4,4,0,0.0,0.0,0.0,1.0,1.0,100.0,0.0
atomicCost-omp,_Z19woAtomicOnGlobalMemIdEvPT_ii_l14,3080,GPT 5.4,source+SASS,fp64,easy,CB,far,4,4,0,0.0,0.0,0.0,1.0,1.0,0.07115481195008824,0.0
atomicCost-omp,_Z19woAtomicOnGlobalMemIdEvPT_ii_l14,3080,GPT 5.4,source-only,fp64,easy,CB,far,4,4,0,0.0,0.0,0.0,1.0,1.0,0.07115481195008824,0.0
atomicCost-omp,_Z19woAtomicOnGlobalMemIdEvPT_ii_l14,A10,GPT 5.4,source+SASS,fp64,easy,CB,far,4,4,0,0.0,0.4,0.20273255405408214,1.0,1.0,42.4906079943526,56.996243197741045
atomicCost-omp,_Z19woAtomicOnGlobalMemIdEvPT_ii_l14,A10,GPT 5.4,source-only,fp64,easy,CB,far,4,4,0,0.0,0.0,0.0,1.0,1.0,13.992486395482077,0.0
atomicCost-omp,_Z19woAtomicOnGlobalMemIdEvPT_ii_l14,A100,GPT 5.4,source+SASS,fp16,easy,BB,far,4,4,0,0.0,1.1547005383792515,0.2340953893132494,1.0,0.0,50.96480929494673,56.62096110665428
atomicCost-omp,_Z19woAtomicOnGlobalMemIdEvPT_ii_l14,A100,GPT 5.4,source+SASS,fp64,easy,BB,far,4,4,0,0.0,0.0,0.0,1.0,1.0,1.9296190151213355,0.0
atomicCost-omp,_Z19woAtomicOnGlobalMemIdEvPT_ii_l14,A100,GPT 5.4,source-only,fp16,easy,BB,far,4,4,0,0.0,0.0,0.0,1.0,1.0,100.0,0.0
atomicCost-omp,_Z19woAtomicOnGlobalMemIdEvPT_ii_l14,A100,GPT 5.4,source-only,fp64,easy,BB,far,4,4,0,0.0,0.0,0.0,1.0,1.0,1.9296190151213355,0.0
atomicCost-omp,_Z19woAtomicOnGlobalMemIdEvPT_ii_l14,H100,GPT 5.4,source+SASS,fp64,easy,BB,far,4,4,0,0.0,0.0,0.0,1.0,1.0,2.457050278579401,0.0
atomicCost-omp,_Z19woAtomicOnGlobalMemIdEvPT_ii_l14,H100,GPT 5.4,source-only,fp64,easy,BB,far,4,4,0,0.0,0.0,0.0,1.0,1.0,2.457050278579401,0.0
atomicIntrinsics-omp,_Z8testcaseIiEvii_l48,H100,GPT 5.4,source+SASS,fp16,easy,CB,far,4,4,0,0.0,1.8209695582828562,5.220279774303993,0.0,1.0,590.8652282382127,1007.5544110711924
atomicIntrinsics-omp,_Z8testcaseIiEvii_l48,H100,GPT 5.4,source-only,fp16,easy,CB,far,4,4,0,0.0,0.0,0.0,1.0,1.0,100.0,0.0
attentionMultiHead-cuda,_Z3mhaPKfS0_S0_iiiiifiPf,3080,GPT 5.4,source+SASS,fp32,hard,BB,far,4,4,0,0.0,0.14496024196406512,0.04699952530332193,1.0,1.0,29.68182477572389,10.193339694982592
attentionMultiHead-cuda,_Z3mhaPKfS0_S0_iiiiifiPf,3080,GPT 5.4,source-only,fp32,hard,BB,far,4,4,0,0.0,0.03324789642672915,0.011190682029617182,1.0,1.0,23.37888203567398,2.5474909941781076
attentionMultiHead-cuda,_Z3mhaPKfS0_S0_iiiiifiPf,3080,GPT OSS,source-only,fp32,hard,BB,far,3,3,0,0.0,0.363017228916168,0.13576078491690008,1.0,1.0,28.14039159307053,6.548268244423442
background-subtract-cuda,_Z5mergemPKhS0_S0_PhS1_,A10,GPT 5.4,source+SASS,fp64,hard,CB,near,4,4,0,0.0,0.5785686387794153,0.1807413504105828,0.0,1.0,48.29865982062849,34.205796702878736
background-subtract-cuda,_Z5mergemPKhS0_S0_PhS1_,A10,GPT 5.4,source-only,fp64,hard,CB,near,4,4,0,0.0,0.0,0.0,1.0,1.0,100.0,0.0
background-subtract-cuda,_Z5mergemPKhS0_S0_PhS1_,A100,GPT 5.4,source+SASS,fp64,hard,BB,far,4,4,0,0.0,0.36070515399739783,0.21038082111996695,1.0,1.0,133.66082257208197,84.2826629890215
background-subtract-cuda,_Z5mergemPKhS0_S0_PhS1_,A100,GPT 5.4,source-only,fp64,hard,BB,far,4,4,0,0.0,0.0,0.0,1.0,1.0,100.0,0.0
background-subtract-cuda,_Z5mergemPKhS0_S0_PhS1_,H100,GPT 5.4,source+SASS,fp64,hard,BB,far,4,4,0,0.0,0.32945731041665793,0.1932944388021048,1.0,1.0,93.6521368438452,63.800112161011825
background-subtract-cuda,_Z5mergemPKhS0_S0_PhS1_,H100,GPT 5.4,source-only,fp64,hard,BB,far,4,4,0,0.0,0.0,0.0,1.0,1.0,100.0,0.0
bh-cuda,_Z22ForceCalculationKerneliifffPKiS0_PK6float4P6float2PS1_PKfS0_,A10,GPT 5.4,source+SASS,fp32,hard,CB,far,4,4,0,0.0,1.6575399799235166,1.505313574157004,1.0,1.0,87.8087144330476,20.207543233888146
bh-cuda,_Z22ForceCalculationKerneliifffPKiS0_PK6float4P6float2PS1_PKfS0_,A10,GPT 5.4,source-only,fp32,hard,CB,far,4,4,0,0.0,1.122510930409688,1.9164789047243596,0.0,1.0,60.786072879232684,44.01806181735022
bh-cuda,_Z22ForceCalculationKerneliifffPKiS0_PK6float4P6float2PS1_PKfS0_,H100,GPT 5.4,source+SASS,fp16,hard,BB,near,4,4,0,0.0,1.6636729362771332,0.1310020227147874,1.0,1.0,99.70878454614416,0.48448726920564045
bh-cuda,_Z22ForceCalculationKerneliifffPKiS0_PK6float4P6float2PS1_PKfS0_,H100,GPT 5.4,source+SASS,fp32,hard,CB,far,4,4,0,0.0,1.8005568590624457,1.4838420470668643,0.0,1.0,88.62132141540512,20.48795777255927
bh-cuda,_Z22ForceCalculationKerneliifffPKiS0_PK6float4P6float2PS1_PKfS0_,H100,GPT 5.4,source-only,fp16,hard,BB,near,4,4,0,0.0,0.0,0.0,1.0,1.0,100.0,0.0
bh-cuda,_Z22ForceCalculationKerneliifffPKiS0_PK6float4P6float2PS1_PKfS0_,H100,GPT 5.4,source-only,fp32,hard,CB,far,4,4,0,0.0,1.1989368405285747,2.1965546304610064,0.0,1.0,60.77576243251964,47.027383461297134
boxfilter-cuda,_Z10row_kernelPK6uchar4Pjiiiifj,3080,GPT 5.4,source+SASS,fp32,easy,BB,far,4,4,0,0.0,0.49547328573882304,0.6774177183958932,1.0,1.0,72.05294685265272,18.479888670490283
boxfilter-cuda,_Z10row_kernelPK6uchar4Pjiiiifj,3080,GPT 5.4,source-only,fp32,easy,BB,far,4,4,0,0.0,0.1316803670908939,0.12969138269385536,1.0,1.0,70.20883162651002,22.413161430690987
boxfilter-cuda,_Z10row_kernelPK6uchar4Pjiiiifj,A100,GPT 5.4,source+SASS,fp16,easy,BB,far,4,4,0,0.0,1.1961087226068163,0.47192480183616325,1.0,0.0,68.81907765897175,37.295773191029646
boxfilter-cuda,_Z10row_kernelPK6uchar4Pjiiiifj,A100,GPT 5.4,source+SASS,fp32,easy,CB,far,4,4,0,0.0,0.1726717606148806,0.16522127813561296,1.0,1.0,13.02241648980917,14.908300220092352
boxfilter-cuda,_Z10row_kernelPK6uchar4Pjiiiifj,A100,GPT 5.4,source-only,fp16,easy,BB,far,4,4,0,0.0,0.0,0.0,1.0,1.0,100.0,0.0
boxfilter-cuda,_Z10row_kernelPK6uchar4Pjiiiifj,A100,GPT 5.4,source-only,fp32,easy,CB,far,4,4,0,0.0,0.13664596273291924,0.14031457324494734,1.0,1.0,6.458680171458524,12.692762621455886
boxfilter-cuda,_Z10row_kernelPK6uchar4Pjiiiifj,H100,GPT 5.4,source+SASS,fp16,easy,BB,far,4,4,0,0.0,0.6878031382557726,0.3127143006939188,1.0,0.0,36.066381352839535,43.94980252633596
boxfilter-cuda,_Z10row_kernelPK6uchar4Pjiiiifj,H100,GPT 5.4,source+SASS,fp32,easy,CB,near,4,4,0,0.0,0.14316939525258798,0.12938166831904602,0.0,1.0,17.16443082012748,11.752024121480813
boxfilter-cuda,_Z10row_kernelPK6uchar4Pjiiiifj,H100,GPT 5.4,source-only,fp16,easy,BB,far,4,4,0,0.0,0.0,0.0,1.0,1.0,100.0,0.0
boxfilter-cuda,_Z10row_kernelPK6uchar4Pjiiiifj,H100,GPT 5.4,source-only,fp32,easy,CB,near,4,4,0,0.0,0.12261687185927722,0.12431996495858015,0.0,1.0,6.90050262359118,11.334112607053587
burger-omp,main_l77,3080,GPT 5.4,source+SASS,fp32,hard,BB,far,4,4,0,0.0,2.0,0.01754565990563505,1.0,0.0,519.5634420482079,839.1268840964159
burger-omp,main_l77,3080,GPT 5.4,source+SASS,fp64,hard,CB,near,4,4,0,0.0,0.550953350971152,0.17692998649075048,0.0,1.0,41.11308485393772,21.741680015993392
burger-omp,main_l77,3080,GPT 5.4,source-only,fp32,hard,BB,far,4,4,0,0.0,0.0,0.0,1.0,1.0,100.0,0.0
burger-omp,main_l77,3080,GPT 5.4,source-only,fp64,hard,CB,near,4,4,0,0.0,0.8664672755630851,0.2873048868120484,0.0,1.0,62.38646898946517,19.78679594677645
burger-omp,main_l77,3080,GPT OSS,source-only,fp32,hard,BB,far,4,4,0,0.0,0.0,0.0,1.0,1.0,100.0,0.0
burger-omp,main_l77,3080,GPT OSS,source-only,fp64,hard,CB,near,4,4,0,0.0,0.43162087991635234,0.17693497080307205,0.0,1.0,28.997902831727092,26.31846611556762
burger-omp,main_l77,A10,GPT 5.4,source+SASS,fp32,hard,BB,far,4,4,0,0.0,0.0,0.0,1.0,1.0,100.0,0.0
burger-omp,main_l77,A10,GPT 5.4,source+SASS,fp64,hard,CB,far,4,4,0,0.0,0.5867519181123596,0.19687521779878336,0.0,1.0,44.00999699638926,18.027241414312712
burger-omp,main_l77,A10,GPT 5.4,source-only,fp32,hard,BB,far,4,4,0,0.0,0.0,0.0,1.0,1.0,100.0,0.0
burger-omp,main_l77,A10,GPT 5.4,source-only,fp64,hard,CB,far,4,4,0,0.0,0.8006461117323822,0.28775910333495025,0.0,1.0,60.63935743717418,50.60585309956091
burger-omp,main_l77,A10,GPT OSS,source-only,fp32,hard,BB,far,4,4,0,0.0,0.0,0.0,1.0,1.0,100.0,0.0
burger-omp,main_l77,A10,GPT OSS,source-only,fp64,hard,CB,far,4,4,0,0.0,0.8478074019875496,0.3166565616877522,0.0,1.0,64.37156267919582,62.9643583508313
ccsd-trpdrv-omp,_Z14ccsd_tengy_gpuPKdS0_S0_S0_S0_S0_S0_S0_S0_S0_S0_S0_S0_S0_S0_dPdS1_S1_S1_iii_l43,3080,GPT 5.4,source+SASS,fp64,hard,CB,far,4,4,0,0.0,1.3894864852817637,0.9312936293796016,1.0,1.0,178.45887949221208,301.6016732560897
ccsd-trpdrv-omp,_Z14ccsd_tengy_gpuPKdS0_S0_S0_S0_S0_S0_S0_S0_S0_S0_S0_S0_S0_S0_dPdS1_S1_S1_iii_l43,3080,GPT 5.4,source-only,fp64,hard,CB,far,4,4,0,0.0,0.0658450363726351,0.03972662836213512,1.0,1.0,23.596063314053502,5.030819990098656
ccsd-trpdrv-omp,_Z14ccsd_tengy_gpuPKdS0_S0_S0_S0_S0_S0_S0_S0_S0_S0_S0_S0_S0_S0_dPdS1_S1_S1_iii_l43,H100,GPT 5.4,source+SASS,fp16,hard,BB,far,4,4,0,0.0,2.0,0.0007321954264521318,1.0,0.0,190.31045490601957,180.62090981203912
ccsd-trpdrv-omp,_Z14ccsd_tengy_gpuPKdS0_S0_S0_S0_S0_S0_S0_S0_S0_S0_S0_S0_S0_S0_dPdS1_S1_S1_iii_l43,H100,GPT 5.4,source+SASS,fp64,hard,BB,far,4,4,0,0.0,0.29319707560913555,0.22412033226081113,1.0,1.0,26.643595626239694,15.611755635725261
ccsd-trpdrv-omp,_Z14ccsd_tengy_gpuPKdS0_S0_S0_S0_S0_S0_S0_S0_S0_S0_S0_S0_S0_S0_dPdS1_S1_S1_iii_l43,H100,GPT 5.4,source-only,fp16,hard,BB,far,4,4,0,0.0,0.0,0.0,1.0,1.0,100.0,0.0
ccsd-trpdrv-omp,_Z14ccsd_tengy_gpuPKdS0_S0_S0_S0_S0_S0_S0_S0_S0_S0_S0_S0_S0_S0_dPdS1_S1_S1_iii_l43,H100,GPT 5.4,source-only,fp64,hard,BB,far,4,4,0,0.0,0.06558839124400045,0.03944968916636649,1.0,1.0,31.76450646060127,4.475456246989548
ced-cuda,_Z15gaussian_kernelPKhPhii,A10,GPT 5.4,source+SASS,fp32,easy,BB,near,4,2,0,0.0,0.10467951110371024,0.09842034650737895,1.0,1.0,9.944250065672039,11.50891034553861
ced-cuda,_Z15gaussian_kernelPKhPhii,A10,GPT 5.4,source-only,fp32,easy,BB,near,4,1,2,0.5,,,,,37.37691982872635,
ced-cuda,_Z15gaussian_kernelPKhPhii,A100,GPT 5.4,source+SASS,fp16,easy,BB,far,4,1,2,0.5,,,,,18.45697075368303,
ced-cuda,_Z15gaussian_kernelPKhPhii,A100,GPT 5.4,source+SASS,fp32,easy,CB,near,4,1,2,0.5,,,,,18.45491859140008,
ced-cuda,_Z15gaussian_kernelPKhPhii,A100,GPT 5.4,source-only,fp16,easy,BB,far,4,1,2,0.5,,,,,100.0,
ced-cuda,_Z15gaussian_kernelPKhPhii,A100,GPT 5.4,source-only,fp32,easy,CB,near,4,1,2,0.5,,,,,18.45491859140008,
cfd-cuda,_Z12compute_fluxiPiPfS0_S0_S0_P6Float3S2_S2_S2_,3080,GPT 5.4,source+SASS,fp32,hard,BB,far,4,4,0,0.0,0.6135870047897035,0.5764729058895774,1.0,1.0,45.62926135079644,19.81292404592981
cfd-cuda,_Z12compute_fluxiPiPfS0_S0_S0_P6Float3S2_S2_S2_,3080,GPT 5.4,source-only,fp32,hard,BB,far,4,4,0,0.0,0.597342752349485,0.408343789221069,1.0,1.0,56.10634603251344,26.21955607161431
cfd-cuda,_Z12compute_fluxiPiPfS0_S0_S0_P6Float3S2_S2_S2_,A100,GPT 5.4,source+SASS,fp16,hard,BB,far,4,4,0,0.0,2.0,0.03530878360697668,1.0,0.0,87.17437494454465,25.651250110910684
cfd-cuda,_Z12compute_fluxiPiPfS0_S0_S0_P6Float3S2_S2_S2_,A100,GPT 5.4,source+SASS,fp32,hard,BB,near,4,4,0,0.0,0.6885884883802409,0.4477613981230497,1.0,1.0,61.44714919943456,26.547049255510316
cfd-cuda,_Z12compute_fluxiPiPfS0_S0_S0_P6Float3S2_S2_S2_,A100,GPT 5.4,source-only,fp16,hard,BB,far,4,4,0,0.0,0.0,0.0,1.0,1.0,100.0,0.0
cfd-cuda,_Z12compute_fluxiPiPfS0_S0_S0_P6Float3S2_S2_S2_,A100,GPT 5.4,source-only,fp32,hard,BB,near,4,4,0,0.0,0.45982745859593266,0.3253325766309528,1.0,1.0,62.23117913441193,17.367140912788397
